<dataTypeVariant dataType="PersonName" name="Generic">
	<description>Person Names</description>
	<factory class="com.sun.mdm.amulius.compat.AmuliusStandardizerFactory">
		<property name="configurationFilename" value="standardizer.xml"/>
		<property name="configurationBeansFilename" value="standardizerBeans.xml"/>
		<property name="loggerLevel">
			 <bean id="java.util.logging.Level.INFO"
				class="org.springframework.beans.factory.config.FieldRetrievingFactoryBean"/>
		</property>
	</factory>
</dataTypeVariant>
