<dataType name="Address">
	<!--  fieldEnumerationClass="com.sun.mdm.standardizer.datatype.address.pattern.OutputTokenType" -->
	<description>Postal addresses</description>
	
	<outputField name="BoxDescript"/>
	<outputField name="BoxIdentif"/>
	<outputField name="BuildingClass"/>
	<outputField name="BuildingNumber"/>
	<outputField name="BuildingNumberPrefix"/>
	<outputField name="BuildingNumberSuffix"/>
	<outputField name="CenterDescript"/>
	<outputField name="CenterIdentif"/>
	<outputField name="Conjunction"/>
	<outputField name="ExtraInfo"/>
	<outputField name="FirstHouseNumber"/>
	<outputField name="HouseClass"/>
	<outputField name="HouseNumber"/>
	<outputField name="HouseNumberPrefix"/>
	<outputField name="HouseNumberSuffix"/>
	<outputField name="MostlyNumericClass"/>
	<outputField name="OtherB1"/>
	<outputField name="OtherB2"/>
	<outputField name="OtherBE"/>
	<outputField name="PostOfficeBoxClass"/>
	<outputField name="PropDesPrefDirection"/>
	<outputField name="PropDesPrefType"/>
	<outputField name="PropertyBuildingName"/>
	<outputField name="PropertySufDirection"/>
	<outputField name="PropertySufType"/>
	<outputField name="RuralRouteClass"/>
	<outputField name="RuralRouteDescript"/>
	<outputField name="RuralRouteIdentif"/>
	<outputField name="SecondBuildingNumberPrefix"/>
	<outputField name="SecondHouseNumber"/>
	<outputField name="SecondHouseNumberPrefix"/>
	<outputField name="SecondStreetName"/>
	<outputField name="SecondStreetNameSufType"/>
	<outputField name="StreetName"/>
	<outputField name="StreetNameExtensionIndex"/>
	<outputField name="StreetNamePrefDirection"/>
	<outputField name="StreetNamePrefType"/>
	<outputField name="StreetNameSufDirection"/>
	<outputField name="StreetNameSufType"/>
	<outputField name="StreetTypeClass"/>
	<outputField name="UnitWithinStructureClass"/>
	<outputField name="WithinStructDescript"/>
	<outputField name="WithinStructIdentif"/>
</dataType>
