<?xml version="1.0" encoding="ISO-8859-1"?>
<!-- TODO: in absence of probability, default to 1 -->
<standardizer conjunction="conjunction"  extraInformation="extraInformation">
	<stateModel>
		<when inputSymbol="internationalPrefix" nextState="internationalNumber" outputSymbol="countryCode" probability=".2"/>
        <when inputSymbol="areaCode" nextState="areaCode" outputSymbol="areaCode" probability=".8"/>

		<state name="internationalNumber">
			<when inputSymbol="areaCode" nextState="areaCode" outputSymbol="areaCode" probability="0.5"/>
			<when inputSymbol="digitGroup" nextState="digitGroup" outputSymbol="phoneNumber" probability="0.5"/>
		</state>

		<state name="areaCode">
			<when inputSymbol="digitGroup" nextState="digitGroup" outputSymbol="phoneNumber" probability="1"/>
		</state>
		
		<state name="digitGroup">
            <eof probability=".3"/>
            <when inputSymbol="dash" nextState="digitGroup" probability=".1"/>
            <when inputSymbol="digitGroup" nextState="digitGroup" outputSymbol="phoneNumber" probability=".3"/>
            <when inputSymbol="extension" nextState="extension" probability=".1"/>
            <conjunction probability=".1"/>
		</state>
		
		<state name="extension">
			<when inputSymbol="digitGroup" nextState="extensionNumber" outputSymbol="extension" probability="1"/>
		</state>
		
		<state name="extensionNumber">
			<eof probability=".9"/>
			<conjunction probability=".1"/>
		</state>
	</stateModel>

	<inputSymbols>
		<inputSymbol name="areaCode">
			<matchers>
				<matcher>
					<matchAllPatterns>
						<pattern regex="\("/>
						<pattern regex="[0-9]{3}"/>
						<pattern regex="\)"/>
					</matchAllPatterns>
					<postProcessing>
						<replaceAll regex="[()]" replacement=""/>
					</postProcessing>
				</matcher>
			</matchers>
		</inputSymbol>		
		<inputSymbol name="dash">
			<matchers>
				<matcher>
					<fixedString>-</fixedString>
				</matcher>
			</matchers>
		</inputSymbol>
		<inputSymbol name="digitGroup">
			<matchers>
				<matcher>
					<pattern regex="[0-9]{2,}"/>
				</matcher>
			</matchers>
		</inputSymbol>
		<inputSymbol name="extension">
			<matchers>
				<matcher>
					<matchAnyPattern>
						<pattern regex="X[.#]?"/>
						<pattern regex="EXT[.#]?"/>
						<pattern regex="^"/>
					</matchAnyPattern>
				</matcher>
			</matchers>
		</inputSymbol>
		<inputSymbol name="internationalPrefix">
			<matchers>
				<matcher>
					<matchAnyPattern>
						<pattern regex="\+\d+[-]?\d+"/>
						<pattern regex="\+\d+"/>
					</matchAnyPattern>
					<postProcessing>
						<replace regex="\+" replacement=""/>
					</postProcessing>
				</matcher>
			</matchers>
		</inputSymbol>
		<inputSymbol name="conjunction">
			<matchers>
				<matcher>
					<fixedStrings>
						<fixedString>/</fixedString>
						<fixedString>&amp;</fixedString>
						<fixedString>AND</fixedString>
						<fixedString>OR</fixedString>
						<fixedString>AND/OR</fixedString>
					</fixedStrings>
					<postProcessing>
						<replace regex="\&amp;" replacement="AND"/>
						<replace regex="\/" replacement="AND"/>
					</postProcessing>
				</matcher>
			</matchers>
		</inputSymbol>
	</inputSymbols>

	<outputSymbols>
		<outputSymbol name="areaCode"/>
		<outputSymbol name="phoneNumber">
          <occurrenceConcatenator class="com.sun.inti.components.string.concatenate.SeparatorBasedStringConcatenator">
              <property name="separator" value="-"/>
          </occurrenceConcatenator>
          <tokenConcatenator class="com.sun.inti.components.string.concatenate.SeparatorBasedStringConcatenator">
              <property name="separator" value=" "/>
          </tokenConcatenator>
		</outputSymbol>
		<outputSymbol name="extension"/>
		<outputSymbol name="countryCode"/>
	</outputSymbols>

	<cleanser>
	    <uppercase/>

        <replaceAll regex="([0-9]{3})([0-9]{3})([0-9]{4})" replacement="($1)$2-$3"/>
        <replaceAll regex="([-(),])" replacement=" $1 "/>
	    <replaceAll regex=" ([.#])" replacement="$1"/>
	    <replaceAll regex="\+(\d+) -" replacement="+$1-"/>

	    <normalizeSpace/>
	</cleanser>
</standardizer>
