<serviceInstance type="PhoneNumber">
	<description>Phone Number Standardization: Generic</description>
	<parameter name="dataType" value="PhoneNumber"/>
	<parameter name="variantType" value="Generic"/>
	<componentManagerFactory class="com.sun.inti.components.component.BeanComponentManagerFactory">
		<property name="stylesheetURL" value="classpath:/com/sun/mdm/standardizer/impl/standardizer.xsl"/>
		<property name="urlSource">
			<bean class="com.sun.inti.components.url.ResourceURLSource">
				<property name="resourceName" value="standardizer.xml"/>
			</bean>
		</property>
	</componentManagerFactory>
</serviceInstance>
