<?xml version="1.0" encoding="UTF-8"?>
<!-- edited with XMLSPY v5 rel. 4 U (http://www.xmlspy.com) by SeeBeyond Technology (SeeBeyond Technology Corp. US) -->
<!-- edited with XML Spy v4.1 U (http://www.xmlspy.com) by seebeyond (SeeBeyond) -->
<!--Sample XML file generated by XML Spy v4.2 U (http://www.xmlspy.com)-->
<edm xmlns:xsi="http://www.w3.org/2001/XMLSchema-instance" xsi:noNamespaceSchemaLocation="sbyn:SeeBeyond/eView/schema/EDM.xsd">
    <node-Person>
        <field-PersonCatCode>
            <display-name>Category</display-name>
            <display-order>1</display-order>
            <max-length>8</max-length>
            <gui-type>MenuList</gui-type>
            <value-list>PERCAT</value-list>
            <value-type>string</value-type>
        </field-PersonCatCode>
        <field-LastName>    
            <display-name>Last Name</display-name>
            <display-order>2</display-order>
            <max-length>40</max-length>
            <gui-type>TextBox</gui-type>
            <value-type>string</value-type>
            <key-type>true</key-type>
        </field-LastName>
        <field-FirstName>
            <display-name>First Name</display-name>
            <display-order>3</display-order>
            <max-length>40</max-length>
            <gui-type>TextBox</gui-type>
            <value-type>string</value-type>
            <key-type>true</key-type>
        </field-FirstName>
        <field-MiddleName>
            <display-name>Middle Name</display-name>
            <display-order>4</display-order>
            <max-length>30</max-length>
            <gui-type>TextBox</gui-type>
            <value-type>string</value-type>
        </field-MiddleName>
        <field-Suffix>
            <display-name>Suffix</display-name>
            <display-order>5</display-order>
            <max-length>10</max-length>
            <gui-type>MenuList</gui-type>
            <value-list>SUFFIX</value-list>
            <value-type>string</value-type>
        </field-Suffix>
        <field-Title>
            <display-name>Title</display-name>
            <display-order>6</display-order>
            <max-length>8</max-length>
            <gui-type>MenuList</gui-type>
            <value-list>TITLE</value-list>
            <value-type>string</value-type>
        </field-Title>
        <field-DOB>
            <display-name>DOB</display-name>
            <display-order>7</display-order>
            <max-length>32</max-length>
            <gui-type>TextBox</gui-type>
            <value-type>date</value-type>
            <key-type>true</key-type>
        </field-DOB>
        <field-Death>
            <display-name>Death</display-name>
            <display-order>8</display-order>
            <max-length>1</max-length>
            <gui-type>TextBox</gui-type>
            <value-type>string</value-type>
        </field-Death>
        <field-Gender>
            <display-name>Gender</display-name>
            <display-order>9</display-order>
            <max-length>8</max-length>
            <gui-type>MenuList</gui-type>
            <value-list>GENDER</value-list>
            <value-type>string</value-type>
            <key-type>true</key-type>
        </field-Gender>
        <field-MStatus>
            <display-name>Marital Status</display-name>
            <display-order>10</display-order>
            <max-length>8</max-length>
            <gui-type>MenuList</gui-type>
            <value-list>MSTATUS</value-list>
            <value-type>string</value-type>
        </field-MStatus>
        <field-SSN>
            <display-name>SSN</display-name>
            <display-order>11</display-order>
            <max-length>16</max-length>
            <gui-type>TextBox</gui-type>
            <value-type>string</value-type>
            <input-mask>DDD-DD-DDDD</input-mask>
            <value-mask>DDDxDDxDDDD</value-mask>
            <is-sensitive>true</is-sensitive>
        </field-SSN>
        <field-Race>
            <display-name>Race</display-name>
            <display-order>12</display-order>
            <max-length>8</max-length>
            <gui-type>MenuList</gui-type>
            <value-list>RACE</value-list>
            <value-type>string</value-type>
        </field-Race>
        <field-Ethnic>
            <display-name>Ethnic</display-name>
            <display-order>13</display-order>
            <max-length>8</max-length>
            <gui-type>MenuList</gui-type>
            <value-list>ETHNIC</value-list>
            <value-type>string</value-type>
        </field-Ethnic>
        <field-Religion>
            <display-name>Religion</display-name>
            <display-order>14</display-order>
            <max-length>8</max-length>
            <gui-type>MenuList</gui-type>
            <value-list>RELIGION</value-list>
            <value-type>string</value-type>
        </field-Religion>
        <field-Language>
            <display-name>Language</display-name>
            <display-order>15</display-order>
            <max-length>8</max-length>
            <gui-type>MenuList</gui-type>
            <value-list>LANGUAGE</value-list>
            <value-type>string</value-type>
        </field-Language>
        <field-SpouseName>
            <display-name>Spouse's Name</display-name>
            <display-order>16</display-order>
            <max-length>100</max-length>
            <gui-type>TextBox</gui-type>
            <value-type>string</value-type>
        </field-SpouseName>
        <field-MotherName>
            <display-name>Mother's Name</display-name>
            <display-order>17</display-order>
            <max-length>100</max-length>
            <gui-type>TextBox</gui-type>
            <value-type>string</value-type>
        </field-MotherName>
        <field-MotherMN>
            <display-name>Mother's Maiden Name</display-name>
            <display-order>18</display-order>
            <max-length>40</max-length>
            <gui-type>TextBox</gui-type>
            <value-type>string</value-type>
        </field-MotherMN>
        <field-FatherName>
            <display-name>Father's Name</display-name>
            <display-order>19</display-order>
            <max-length>100</max-length>
            <gui-type>TextBox</gui-type>
            <value-type>string</value-type>
        </field-FatherName>
        <field-Maiden>
            <display-name>Maiden Name</display-name>
            <display-order>20</display-order>
            <max-length>40</max-length>
            <gui-type>TextBox</gui-type>
            <value-type>string</value-type>
            <is-sensitive>true</is-sensitive>
        </field-Maiden>
        <field-PobCity>
            <display-name>POB City</display-name>
            <display-order>21</display-order>
            <max-length>30</max-length>
            <gui-type>TextBox</gui-type>
            <value-type>string</value-type>
        </field-PobCity>
        <field-PobState>
            <display-name>POB State</display-name>
            <display-order>22</display-order>
            <max-length>10</max-length>
            <gui-type>TextBox</gui-type>
            <value-type>string</value-type>
        </field-PobState>
        <field-PobCountry>
            <display-name>POB Country</display-name>
            <display-order>23</display-order>
            <max-length>20</max-length>
            <gui-type>TextBox</gui-type>
            <value-type>string</value-type>
        </field-PobCountry>
        <field-VIPFlag>
            <display-name>VIP Flag</display-name>
            <display-order>24</display-order>
            <max-length>8</max-length>
            <gui-type>MenuList</gui-type>
            <value-list>VIPFLAG</value-list>
            <value-type>string</value-type>
            <is-sensitive>true</is-sensitive>
        </field-VIPFlag>
        <field-VetStatus>
            <display-name>Vet Status</display-name>
            <display-order>25</display-order>
            <max-length>8</max-length>
            <gui-type>MenuList</gui-type>
            <value-list>VETSTS</value-list>
            <value-type>string</value-type>
        </field-VetStatus>
        <field-DriversLicense>
            <display-name>Drivers License</display-name>
            <display-order>27</display-order>
            <max-length>20</max-length>
            <gui-type>TextBox</gui-type>
            <value-type>string</value-type>
        </field-DriversLicense>
        <field-DriversLicenseSt>
            <display-name>Drivers License St.</display-name>
            <display-order>28</display-order>
            <max-length>10</max-length>
            <gui-type>TextBox</gui-type>
            <value-type>string</value-type>
            <key-type>false</key-type>
        </field-DriversLicenseSt>
        <field-Dod>
            <display-name>DOD</display-name>
            <display-order>29</display-order>
            <max-length>10</max-length>
            <gui-type>TextBox</gui-type>
            <value-type>date</value-type>
        </field-Dod>
        <field-DeathCertificate>
            <display-name>Death Certificate</display-name>
            <display-order>30</display-order>
            <max-length>10</max-length>
            <gui-type>TextBox</gui-type>
            <value-type>string</value-type>
        </field-DeathCertificate>
        <field-Nationality>
            <display-name>Nationality</display-name>
            <display-order>31</display-order>
            <max-length>8</max-length>
            <gui-type>MenuList</gui-type>
            <value-list>NATIONAL</value-list>
            <value-type>string</value-type>
        </field-Nationality>
        <field-Citizenship>
            <display-name>Citizenship</display-name>
            <display-order>32</display-order>
            <max-length>8</max-length>
            <gui-type>MenuList</gui-type>
            <value-list>CITIZEN</value-list>
            <value-type>string</value-type>
        </field-Citizenship>
        <field-PensionNo>
            <display-name>Pension No.</display-name>
            <display-order>33</display-order>
            <max-length>15</max-length>
            <gui-type>TextBox</gui-type>
            <value-type>string</value-type>
        </field-PensionNo>
        <field-PensionExpDate>
            <display-name>Pension Exp. Date</display-name>
            <display-order>34</display-order>
            <max-length>10</max-length>
            <gui-type>TextBox</gui-type>
            <value-type>date</value-type>
        </field-PensionExpDate>
        <field-RepatriationNo>
            <display-name>Repatriation No.</display-name>
            <display-order>35</display-order>
            <max-length>16</max-length>
            <gui-type>TextBox</gui-type>
            <value-type>string</value-type>
        </field-RepatriationNo>
        <field-DistrictOfResidence>
            <display-name>District Of Residence</display-name>
            <display-order>36</display-order>
            <max-length>8</max-length>
            <gui-type>TextBox</gui-type>
            <value-type>string</value-type>
        </field-DistrictOfResidence>
        <field-LgaCode>
            <display-name>Lga Code</display-name>
            <display-order>37</display-order>
            <max-length>4</max-length>
            <gui-type>TextBox</gui-type>
            <value-type>string</value-type>
        </field-LgaCode>
        <field-MilitaryBranch>
            <display-name>Military Branch</display-name>
            <display-order>38</display-order>
            <max-length>4</max-length>
            <gui-type>TextBox</gui-type>
            <value-type>string</value-type>
        </field-MilitaryBranch>
        <field-MilitaryRank>
            <display-name>Military Rank</display-name>
            <display-order>39</display-order>
            <max-length>4</max-length>
            <gui-type>TextBox</gui-type>
            <value-type>string</value-type>
        </field-MilitaryRank>
        <field-MilitaryStatus>
            <display-name>Military Status</display-name>
            <display-order>40</display-order>
            <max-length>4</max-length>
            <gui-type>TextBox</gui-type>
            <value-type>string</value-type>
        </field-MilitaryStatus>
        <field-DummyDate>
            <display-name>Dummy Date</display-name>
            <display-order>41</display-order>
            <max-length>10</max-length>
            <gui-type>TextBox</gui-type>
            <value-type>date</value-type>
        </field-DummyDate>
        <field-Class1>
            <display-name>Class1</display-name>
            <display-order>42</display-order>
            <max-length>20</max-length>
            <gui-type>TextBox</gui-type>
            <value-type>string</value-type>
        </field-Class1>
        <field-Class2>
            <display-name>Class2</display-name>
            <display-order>43</display-order>
            <max-length>20</max-length>
            <gui-type>TextBox</gui-type>
            <value-type>string</value-type>
        </field-Class2>
        <field-Class3>
            <display-name>Class3</display-name>
            <display-order>44</display-order>
            <max-length>20</max-length>
            <gui-type>TextBox</gui-type>
            <value-type>string</value-type>
        </field-Class3>
        <field-Class4>
            <display-name>Class4</display-name>
            <display-order>45</display-order>
            <max-length>20</max-length>
            <gui-type>TextBox</gui-type>
            <value-type>string</value-type>
        </field-Class4>
        <field-Class5>
            <display-name>Class5</display-name>
            <display-order>46</display-order>
            <max-length>20</max-length>
            <gui-type>TextBox</gui-type>
            <value-type>string</value-type>
        </field-Class5>
        <field-String1>
            <display-name>String1</display-name>
            <display-order>47</display-order>
            <max-length>40</max-length>
            <gui-type>TextBox</gui-type>
            <value-type>string</value-type>
        </field-String1>
        <field-String2>
            <display-name>String2</display-name>
            <display-order>48</display-order>
            <max-length>40</max-length>
            <gui-type>TextBox</gui-type>
            <value-type>string</value-type>
        </field-String2>
        <field-String3>
            <display-name>String3</display-name>
            <display-order>49</display-order>
            <max-length>40</max-length>
            <gui-type>TextBox</gui-type>
            <value-type>string</value-type>
        </field-String3>
        <field-String4>
            <display-name>String4</display-name>
            <display-order>50</display-order>
            <max-length>40</max-length>
            <gui-type>TextBox</gui-type>
            <value-type>string</value-type>
        </field-String4>
        <field-String5>
            <display-name>String5</display-name>
            <display-order>51</display-order>
            <max-length>40</max-length>
            <gui-type>TextBox</gui-type>
            <value-type>string</value-type>
        </field-String5>
        <field-String6>
            <display-name>String6</display-name>
            <display-order>52</display-order>
            <max-length>40</max-length>
            <gui-type>TextBox</gui-type>
            <value-type>string</value-type>
        </field-String6>
        <field-String7>
            <display-name>String7</display-name>
            <display-order>53</display-order>
            <max-length>100</max-length>
            <gui-type>TextBox</gui-type>
            <value-type>string</value-type>
        </field-String7>
        <field-String8>
            <display-name>String8</display-name>
            <display-order>54</display-order>
            <max-length>100</max-length>
            <gui-type>TextBox</gui-type>
            <value-type>string</value-type>
        </field-String8>
        <field-String9>
            <display-name>String9</display-name>
            <display-order>55</display-order>
            <max-length>100</max-length>
            <gui-type>TextBox</gui-type>
            <value-type>string</value-type>
        </field-String9>
        <field-String10>
            <display-name>String10</display-name>
            <display-order>56</display-order>
            <max-length>255</max-length>
            <gui-type>TextBox</gui-type>
            <value-type>string</value-type>
        </field-String10>
        <field-Date1>
            <display-name>Date1</display-name>
            <display-order>57</display-order>
            <max-length>10</max-length>
            <gui-type>TextBox</gui-type>
            <value-type>date</value-type>
        </field-Date1>
        <field-Date2>
            <display-name>Date2</display-name>
            <display-order>58</display-order>
            <max-length>10</max-length>
            <gui-type>TextBox</gui-type>
            <value-type>date</value-type>
        </field-Date2>
        <field-Date3>
            <display-name>Date3</display-name>
            <display-order>59</display-order>
            <max-length>10</max-length>
            <gui-type>TextBox</gui-type>
            <value-type>date</value-type>
        </field-Date3>
        <field-Date4>
            <display-name>Date4</display-name>
            <display-order>60</display-order>
            <max-length>10</max-length>
            <gui-type>TextBox</gui-type>
            <value-type>date</value-type>
        </field-Date4>
        <field-Date5>
            <display-name>Date5</display-name>
            <display-order>61</display-order>
            <max-length>10</max-length>
            <gui-type>TextBox</gui-type>
            <value-type>date</value-type>
        </field-Date5>
    </node-Person>
    <node-Alias display-order="1">
        <field-LastName>
            <display-name>LastName</display-name>
            <display-order>1</display-order>
            <max-length>40</max-length>
            <gui-type>TextBox</gui-type>
            <value-type>string</value-type>
            <key-type>true</key-type>
        </field-LastName>
        <field-FirstName>
            <display-name>FirstName</display-name>
            <display-order>2</display-order>
            <max-length>40</max-length>
            <gui-type>TextBox</gui-type>
            <value-type>string</value-type>
            <key-type>true</key-type>
        </field-FirstName>
        <field-MiddleName>
            <display-name>MiddleName</display-name>
            <display-order>3</display-order>
            <max-length>30</max-length>
            <gui-type>TextBox</gui-type>
            <value-type>string</value-type>
            <key-type>true</key-type>
        </field-MiddleName>
    </node-Alias>
    <node-Address display-order="2">
        <field-AddressType>
            <display-name>Address Type</display-name>
            <display-order>1</display-order>
            <max-length>8</max-length>
            <gui-type>MenuList</gui-type>
            <value-list>ADDRTYPE</value-list>
            <value-type>string</value-type>
            <key-type>true</key-type>
        </field-AddressType>
        <field-AddressLine1>
            <display-name>Address Line 1</display-name>
            <display-order>2</display-order>
            <max-length>40</max-length>
            <gui-type>TextBox</gui-type>
            <value-type>string</value-type>
            <is-sensitive>true</is-sensitive>
        </field-AddressLine1>
        <field-AddressLine2>
            <display-name>Address Line 2</display-name>
            <display-order>3</display-order>
            <max-length>40</max-length>
            <gui-type>TextBox</gui-type>
            <value-type>string</value-type>
            <is-sensitive>true</is-sensitive>
        </field-AddressLine2>
        <field-AddressLine3>
            <display-name>Address Line 3</display-name>
            <display-order>4</display-order>
            <max-length>40</max-length>
            <gui-type>TextBox</gui-type>
            <value-type>string</value-type>
            <is-sensitive>true</is-sensitive>
        </field-AddressLine3>
        <field-AddressLine4>
            <display-name>Address Line 4</display-name>
            <display-order>5</display-order>
            <max-length>40</max-length>
            <gui-type>TextBox</gui-type>
            <value-type>string</value-type>
            <is-sensitive>true</is-sensitive>
        </field-AddressLine4>
        <field-City>
            <display-name>City</display-name>
            <display-order>8</display-order>
            <max-length>30</max-length>
            <gui-type>TextBox</gui-type>
            <value-type>string</value-type>
            <key-type>false</key-type>
            <is-sensitive>true</is-sensitive>
        </field-City>
        <field-StateCode>
            <display-name>State</display-name>
            <display-order>9</display-order>
            <max-length>10</max-length>
            <gui-type>MenuList</gui-type>
            <value-list>STATE</value-list>
            <value-type>string</value-type>
            <is-sensitive>true</is-sensitive>
        </field-StateCode>
        <field-PostalCode>
            <display-name>Postal Code</display-name>
            <display-order>10</display-order>
            <max-length>8</max-length>
            <gui-type>TextBox</gui-type>
            <value-type>string</value-type>
            <is-sensitive>true</is-sensitive>
        </field-PostalCode>
        <field-PostalCodeExt>
            <display-name>Postal Code Extension</display-name>
            <display-order>11</display-order>
            <max-length>4</max-length>
            <gui-type>TextBox</gui-type>
            <value-type>string</value-type>
            <is-sensitive>true</is-sensitive>
        </field-PostalCodeExt>
        <field-County>
            <display-name>County</display-name>
            <display-order>12</display-order>
            <max-length>20</max-length>
            <gui-type>TextBox</gui-type>
            <value-type>string</value-type>
            <is-sensitive>true</is-sensitive>
        </field-County>
        <field-CountryCode>
            <display-name>Country</display-name>
            <display-order>13</display-order>
            <max-length>20</max-length>
            <gui-type>MenuList</gui-type>
            <value-list>COUNTRY</value-list>
            <value-type>string</value-type>
            <key-type>false</key-type>
            <is-sensitive>true</is-sensitive>
        </field-CountryCode>
    </node-Address>
    <node-Phone display-order="3">
        <field-PhoneType>
            <display-name>Phone Type</display-name>
            <display-order>1</display-order>
            <max-length>8</max-length>
            <gui-type>MenuList</gui-type>
            <value-list>PHONTYPE</value-list>
            <value-type>string</value-type>
            <key-type>true</key-type>
        </field-PhoneType>
        <field-Phone>
            <display-name>Phone</display-name>
            <display-order>2</display-order>
            <max-length>20</max-length>
            <gui-type>TextBox</gui-type>
            <value-type>string</value-type>
            <input-mask>(DDD) DDD-DDDD</input-mask>
            <value-mask>xDDDxxDDDxDDDD</value-mask>
            <is-sensitive>true</is-sensitive>
        </field-Phone>
        <field-PhoneExt>
            <display-name>Extension</display-name>
            <display-order>3</display-order>
            <max-length>6</max-length>
            <gui-type>TextBox</gui-type>
            <value-type>string</value-type>
            <is-sensitive>true</is-sensitive>
        </field-PhoneExt>
    </node-Phone>
    <node-AuxId display-order="4">
        <field-AuxIdDef>
            <display-name>Auxiliary ID Type</display-name>
            <display-order>1</display-order>
            <max-length>10</max-length>
            <gui-type>MenuList</gui-type>
            <value-list>AUXIDDEF</value-list>
            <value-type>string</value-type>
            <key-type>true</key-type>
        </field-AuxIdDef>
        <field-Id>
            <display-name>Auxiliary ID</display-name>
            <display-order>2</display-order>
            <max-length>40</max-length>
            <gui-type>TextBox</gui-type>
            <value-type>string</value-type>
            <key-type>false</key-type>
        </field-Id>
    </node-AuxId>
    <node-Comment display-order="5">
        <field-CommentCode>
            <display-name>Comment Code</display-name>
            <display-order>0</display-order>
            <max-length>8</max-length>
            <gui-type>TextBox</gui-type>
            <value-type>string</value-type>
            <key-type>true</key-type>
        </field-CommentCode>
        <field-EnterDate>
            <display-name>Enter Date</display-name>
            <display-order>1</display-order>
            <max-length>32</max-length>
            <gui-type>TextBox</gui-type>
            <value-type>date</value-type>
        </field-EnterDate>
        <field-CommentText>
            <display-name>Comment Text</display-name>
            <display-order>2</display-order>
            <max-length>1000</max-length>
            <gui-type>TextArea</gui-type>
            <value-type>string</value-type>
        </field-CommentText>
    </node-Comment>
    <relationships>
        <name>Person</name>
        <children>Address</children>
        <children>Phone</children>
        <children>Alias</children>
        <children>AuxId</children>
        <children>Comment</children>
    </relationships>
    <impl-details>
       <!-- default setting -->
        <master-controller-jndi-name>ejb/_EVIEW_OBJECT_TOKEN_MasterController</master-controller-jndi-name>
        <validation-service-jndi-name>ejb/_EVIEW_OBJECT_TOKEN_CodeLookup</validation-service-jndi-name>
        <usercode-jndi-name>ejb/_EVIEW_OBJECT_TOKEN_UserCodeLookup</usercode-jndi-name>
        <reportgenerator-jndi-name>ejb/_EVIEW_OBJECT_TOKEN_ReportGenerator</reportgenerator-jndi-name>
        <debug-flag>true</debug-flag>
        <debug-dest>console</debug-dest>
        <enable-security>true</enable-security>
        <object-sensitive-plug-in-class>com.sun.mdm.index.security.VIPObjectSensitivePlugIn</object-sensitive-plug-in-class>
    </impl-details>
    <gui-definition>
        <page-definition>
            <initial-screen-id>8</initial-screen-id>
            <!-- "Patient Details" -->
            <record-details>
                <root-object>Person</root-object>
                <tab-name>Record Details</tab-name>
                <tab-entrance>/EnterEOSearchSimpleAction.do</tab-entrance>
                <screen-id>1</screen-id>
                <display-order>2</display-order> 
                <search-pages>
                    <simple-search-page>
                        <screen-title>Advanced Person Lookup (Phonetic)</screen-title>
                            <search-result-id>1</search-result-id>
                            <search-screen-order>1</search-screen-order>
                            <field-per-row>2</field-per-row>
                            <show-euid>true</show-euid>
                            <show-lid>false</show-lid>
                            <instruction/>
                            <field-group>
                                <description>Demographics</description>
                                <field-ref>Person.LastName</field-ref>
                                <field-ref>Person.FirstName</field-ref>
                                <field-ref choice="range">Person.DOB</field-ref>
                                <field-ref>Person.Gender</field-ref>
                                <field-ref>Person.MotherMN</field-ref>
                                <field-ref>Person.SSN</field-ref>
                            </field-group>
                            <field-group>
                                <description>Address</description>
                                <field-ref>Address.AddressLine1</field-ref>
                                <field-ref>Address.AddressLine2</field-ref>
                            </field-group>
                            <search-option>
                                <display-name>Phonetic Search</display-name>
                                <query-builder>BLOCKER-SEARCH2</query-builder>
                                <weighted>true</weighted>
                                <parameter>
                                    <name>UseWildcard</name>
                                    <value>false</value>
                                </parameter>
                            </search-option>
                    </simple-search-page>
                    <simple-search-page>
                        <screen-title>Advanced Person Lookup (Alpha)</screen-title>
                        <search-result-id>1</search-result-id>
                        <search-screen-order>0</search-screen-order>
                        <field-per-row>2</field-per-row>
                        <show-euid>true</show-euid>
                        <show-lid>false</show-lid>
                        <instruction>Enter as much information as possible to narrow the search</instruction>
                        <field-group>
                            <description>Demographics</description>
                            <field-ref>Person.LastName</field-ref>
                            <field-ref>Person.FirstName</field-ref>
                            <field-ref>Person.MiddleName</field-ref>
                            <field-ref>Person.Gender</field-ref>
                            <field-ref choice="range">Person.DOB</field-ref>
                            <field-ref>Person.MotherMN</field-ref>
                            <field-ref>Person.SSN</field-ref>
                            <field-ref>Person.Maiden</field-ref>
                            <field-ref>Person.PersonCatCode</field-ref>
                        </field-group>
                        
                        <field-group>
                            <description>Address</description>
                            <field-ref>Address.AddressType</field-ref>
                            <field-ref>Address.AddressLine1</field-ref>
                            <field-ref>Address.City</field-ref>
                            <field-ref>Address.StateCode</field-ref>
                            <field-ref>Address.PostalCode</field-ref>
                        </field-group>
                        <search-option>
                            <display-name>Alpha Search</display-name>
                            <query-builder>ALPHA-SEARCH</query-builder>
                            <weighted>false</weighted>
                            <parameter>
                                <name>UseWildcard</name>
                                <value>true</value>
                            </parameter>
                        </search-option>
                    </simple-search-page>
                    <simple-search-page>
                        <screen-title>Simple Person Lookup</screen-title>
                        <search-result-id>1</search-result-id>
                        <search-screen-order>2</search-screen-order>
                        <field-per-row>2</field-per-row>
                        <show-euid>true</show-euid>
                        <show-lid>true</show-lid>
                        <instruction/>
                        <field-group>
                            <description>SSN</description>
                            <field-ref>Person.SSN</field-ref>
                        </field-group>
                        <search-option>
                            <display-name>Alpha Search</display-name>
                            <query-builder>ALPHA-SEARCH</query-builder>
                            <weighted>false</weighted>
                            <parameter>
                                <name>UseWildcard</name>
                                <value>true</value>
                            </parameter>
                        </search-option>
                    </simple-search-page>
                </search-pages>
                <search-result-pages>
                    <search-result-list-page>
                        <item-per-page>10</item-per-page>
                        <max-result-size>100</max-result-size>
                        <search-result-id>1</search-result-id>
                        <field-group>
                            <description></description>
                            <field-ref>Person.LastName</field-ref>
                            <field-ref>Person.FirstName</field-ref>
                            <field-ref>Person.MiddleName</field-ref>
                            <field-ref>Person.Gender</field-ref>
                            <field-ref>Person.DOB</field-ref>
                            <field-ref>Person.SSN</field-ref>
                            <field-ref>Person.Maiden</field-ref>
                            <field-ref>Person.PersonCatCode</field-ref>
                            <field-ref>Address.AddressType</field-ref>
                            <field-ref>Address.AddressLine1</field-ref>
                            <field-ref>Address.City</field-ref>
                            <field-ref>Address.StateCode</field-ref>
                            <field-ref>Address.PostalCode</field-ref>
                        </field-group>
                    </search-result-list-page>
                </search-result-pages>
                <eo-view-page>
                    <field-per-row>1</field-per-row>
                </eo-view-page>
            </record-details>
            <!-- "Transactions" -->
            <transactions>
                <root-object>Person</root-object>
                <tab-name>Transactions</tab-name>
                <tab-entrance>/EnterXASearchAction.do</tab-entrance>
                <screen-id>2</screen-id>
                <display-order>4</display-order> 
                <search-pages>
                    <field-per-row>2</field-per-row>
                    <search-result-id>0</search-result-id>
                    <simple-search-page/>
                </search-pages>
                <search-result-pages>
                    <search-result-list-page>
                        <search-result-id>0</search-result-id>
                        <item-per-page>10</item-per-page>
                        <max-result-size>100</max-result-size>
                        <field-group/>
                    </search-result-list-page>
                </search-result-pages>
            </transactions>
            <!-- "Duplicate Records" -->
            <duplicate-records>
                <root-object>Person</root-object>
                <tab-name>Duplicate Records</tab-name>
                <tab-entrance>/EnterPDSearchAction.do</tab-entrance>
                <screen-id>3</screen-id>
                <display-order>1</display-order> 
                <search-pages>
                    <field-per-row>2</field-per-row>
                    <search-result-id>0</search-result-id>
                    <simple-search-page>
                        <screen-title>Basic Search</screen-title>
                        <search-result-id>0</search-result-id>
                        <search-screen-order>0</search-screen-order>
                        <field-per-row>2</field-per-row>
                        <show-euid>true</show-euid>
                        <show-lid>false</show-lid>
                        <show-status>false</show-status>
                        <show-create-date>true</show-create-date>
                        <show-create-time>false</show-create-time>
                        <instruction>Enter search criteria</instruction>
                        <field-group/>
                    </simple-search-page>
                    <simple-search-page>
                        <screen-title>Advanced Search</screen-title>
                        <search-result-id>0</search-result-id>
                        <search-screen-order>1</search-screen-order>
                        <field-per-row>2</field-per-row>
                        <show-euid>true</show-euid>
                        <show-lid>false</show-lid>
                        <show-status>false</show-status>
                        <show-create-date>true</show-create-date>
                        <show-create-time>false</show-create-time>
                        <instruction>Enter search criteria</instruction>
                    </simple-search-page>
                </search-pages>
                <search-result-pages>
                    <search-result-list-page>
                        <item-per-page>10</item-per-page>
                        <max-result-size>100</max-result-size>
                        <search-result-id>0</search-result-id>
                        <field-group>
                            <description></description>
                            <field-ref>Person.FirstName</field-ref>
                            <field-ref>Person.LastName</field-ref>
                            <field-ref>Person.SSN</field-ref>
                            <field-ref>Person.DOB</field-ref>
                            <field-ref>Person.Gender</field-ref>
                            <field-ref>Person.MiddleName</field-ref>
                        </field-group>
                    </search-result-list-page>
                </search-result-pages>
            </duplicate-records>
            <assumed-matches>
                <root-object>Person</root-object>
                <tab-name>Assumed Matches</tab-name>
                <tab-entrance>/EnterPDSearchAction.do</tab-entrance>
                <screen-id>4</screen-id>
                <display-order>3</display-order> 
                <search-pages>
                    <field-per-row>2</field-per-row>
                    <search-result-id>0</search-result-id>
                    <simple-search-page>
                        <screen-title>Basic Search</screen-title>
                        <search-result-id>0</search-result-id>
                        <search-screen-order>0</search-screen-order>
                        <field-per-row>2</field-per-row>
                        <show-euid>true</show-euid>
                        <show-lid>true</show-lid>
                        <show-create-date>true</show-create-date>
                        <show-create-time>true</show-create-time>
                        <instruction>Enter search criteria</instruction>
                        <field-group/>
                    </simple-search-page>
                </search-pages>
                <search-result-pages>
                    <search-result-list-page>
                        <item-per-page>10</item-per-page>
                        <max-result-size>100</max-result-size>
                        <search-result-id>0</search-result-id>
                        <field-group>
                            <description></description>
                            <field-ref>Person.FirstName</field-ref>
                            <field-ref>Person.LastName</field-ref>
                            <field-ref>Person.SSN</field-ref>
                            <field-ref>Person.DOB</field-ref>
                            <field-ref>Address.AddressLine1</field-ref>
                        </field-group>
                    </search-result-list-page>
                </search-result-pages>
            </assumed-matches>
            <source-record>
                <root-object>Person</root-object>
                <tab-name>Source Record</tab-name>
                <tab-entrance>/EnterPDSearchAction.do</tab-entrance>
                <screen-id>5</screen-id>
                <display-order>6</display-order> 
                <search-pages/>
                <search-result-pages/>
                <subscreen-configurations>
                    <subscreen>
                        <enable>true</enable>
                        <root-object>Person</root-object>
                        <tab-name>View/Edit</tab-name>
                        <tab-entrance>/EnterPDSearchAction.do</tab-entrance>
                        <screen-id>0</screen-id>
                        <display-order>0</display-order> 
                        <search-pages>
                            <simple-search-page>
                                <screen-title>Basic Search</screen-title>
                                <search-result-id>0</search-result-id>
                                <search-screen-order>0</search-screen-order>
                                <field-per-row>2</field-per-row>
                                <show-euid>true</show-euid>
                                <show-lid>true</show-lid>
                                <show-status>false</show-status>
                                <show-create-date>false</show-create-date>
                                <show-create-time>false</show-create-time>
                                <instruction/>
                                <field-group/>
                            </simple-search-page>
                            <simple-search-page>
                                <screen-title>Advanced Search</screen-title>
                                <search-result-id>0</search-result-id>
                                <search-screen-order>0</search-screen-order>
                                <field-per-row>2</field-per-row>
                                <show-euid>true</show-euid>
                                <show-lid>false</show-lid>
                                <show-status>false</show-status>
                                <show-create-date>true</show-create-date>
                                <show-create-time>true</show-create-time>
                                <instruction>Enter search criteria</instruction>
                                <field-group>
                                    <description></description>
                                    <field-ref>Person.FirstName</field-ref>
                                    <field-ref>Person.LastName</field-ref>
                                    <field-ref>Person.DOB</field-ref>
                                    <field-ref>Address.AddressLine1</field-ref>
                                </field-group>
                            </simple-search-page>
                        </search-pages>
                        <search-result-pages>
                            <search-result-list-page>
                                <item-per-page>10</item-per-page>
                                <max-result-size>100</max-result-size>
                                <search-result-id>0</search-result-id>
                                <show-euid>true</show-euid>
                                <show-lid>true</show-lid>
                                <show-status>false</show-status>
                                <show-create-date>false</show-create-date>
                                <show-create-time>false</show-create-time>
                                <show-timestamp>true</show-timestamp>
                                <instruction/>
                                <field-group>
                                    <description></description>
                                    <field-ref>Person.FirstName</field-ref>
                                    <field-ref>Person.LastName</field-ref>
                                    <field-ref>Person.DOB</field-ref>
                                    <field-ref>Person.SSN</field-ref>
                                    <field-ref>Address.AddressLine1</field-ref>
                                </field-group>
                            </search-result-list-page>
                        </search-result-pages>
                    </subscreen>
                    <subscreen>
                        <enable>true</enable>
                        <root-object>Person</root-object>
                        <tab-name>Add</tab-name>
                        <tab-entrance>/EnterPDSearchAction.do</tab-entrance>
                        <screen-id>1</screen-id>
                        <display-order>1</display-order> 
                        <search-pages>
                            <simple-search-page>
                                <screen-title>Basic Search</screen-title>
                                <search-result-id>0</search-result-id>
                                <search-screen-order>0</search-screen-order>
                                <field-per-row>2</field-per-row>
                                <show-euid>true</show-euid>
                                <show-lid>true</show-lid>
                                <show-status>false</show-status>
                                <show-create-date>false</show-create-date>
                                <show-create-time>false</show-create-time>
                                <instruction/>
                                <field-group/>
                            </simple-search-page>
                        </search-pages>
                        <search-result-pages>
                            <search-result-list-page>
                                <item-per-page>10</item-per-page>
                                <max-result-size>100</max-result-size>
                                <search-result-id>0</search-result-id>
                                <instruction/>
                                <field-group/>
                            </search-result-list-page>
                        </search-result-pages>
                    </subscreen>
                    <subscreen>
                        <enable>true</enable>
                        <root-object>Person</root-object>
                        <tab-name>Merge</tab-name>
                        <tab-entrance>/EnterPDSearchAction.do</tab-entrance>
                        <screen-id>2</screen-id>
                        <display-order>2</display-order> 
                        <search-pages>
                            <simple-search-page>
                                <screen-title>LID Search</screen-title>
                                <search-result-id>0</search-result-id>
                                <search-screen-order>0</search-screen-order>
                                <field-per-row>2</field-per-row>
                                <show-euid>true</show-euid>
                                <show-lid>true</show-lid>
                                <show-status>false</show-status>
                                <show-create-date>false</show-create-date>
                                <show-create-time>false</show-create-time>
                                <instruction/>
                                <field-group/>
                            </simple-search-page>
                            <search-result-pages>
                                <search-result-list-page>
                                    <item-per-page>10</item-per-page>
                                    <max-result-size>100</max-result-size>
                                    <search-result-id>0</search-result-id>
                                    <instruction/>
                                    <field-group/>
                                </search-result-list-page>
                            </search-result-pages>
                        </search-pages>
                    </subscreen>
                </subscreen-configurations>
            </source-record>
            <reports>
                <root-object>Person</root-object>
                <tab-name>Reports</tab-name>
                <tab-entrance>/EnterReportSearchAction.do</tab-entrance>
                <screen-id>6</screen-id>
                <display-order>5</display-order> 
                <field-per-row>2</field-per-row>
                <search-pages/>
                <search-result-pages/>
                <subscreen-configurations>
                    <subscreen>
                        <enable>true</enable>
                        <root-object>Person</root-object>
                        <tab-name>Potential Duplicate Report</tab-name>
                        <report-name>Potential Duplicate</report-name>
                        <tab-entrance>/EnterReportSearchAction.do</tab-entrance>
                        <screen-id>0</screen-id>
                        <display-order>5</display-order> 
                        <field-per-row>2</field-per-row>
                        <search-pages>
                            <field-per-row>2</field-per-row>
                            <search-result-id>0</search-result-id>
                            <simple-search-page/>
                        </search-pages>
                        <search-result-pages>
                            <search-result-list-page>
                                <item-per-page>10</item-per-page>
                                <max-result-size>2000</max-result-size>
                                <search-result-id>0</search-result-id>
                                <field-group>
                                    <description/>
                                    <field-ref>Person.FirstName</field-ref>
                                    <field-ref>Person.LastName</field-ref>
                                    <field-ref>Person.SSN</field-ref>
                                    <field-ref>Person.DOB</field-ref>
                                    <field-ref>Address.AddressLine1</field-ref>
                                    <field-ref>Address.AddressLine2</field-ref>
                                    <field-ref>Phone.Phone</field-ref>
                                </field-group>
                            </search-result-list-page>
                        </search-result-pages>
                    </subscreen>
                    <subscreen>
                        <enable>true</enable>
                        <root-object>Person</root-object>
                        <tab-name>Deactivated Record Report</tab-name>
                        <report-name>Deactivated</report-name>
                        <tab-entrance>/EnterReportSearchAction.do</tab-entrance>
                        <screen-id>1</screen-id>
                        <display-order>1</display-order> 
                        <field-per-row>2</field-per-row>
                        <search-pages>
                            <field-per-row>2</field-per-row>
                            <search-result-id>0</search-result-id>
                            <simple-search-page/>
                        </search-pages>
                        <search-result-pages>
                            <search-result-list-page>
                                <item-per-page>10</item-per-page>
                                <max-result-size>2000</max-result-size>
                                <search-result-id>0</search-result-id>
                                <field-group>
                                    <description/>
                                    <field-ref>Person.FirstName</field-ref>
                                    <field-ref>Person.LastName</field-ref>
                                    <field-ref>Person.SSN</field-ref>
                                    <field-ref>Person.DOB</field-ref>
                                    <field-ref>Address.AddressLine1</field-ref>
                                    <field-ref>Address.AddressLine2</field-ref>
                                    <field-ref>Phone.Phone</field-ref>
                                </field-group>
                            </search-result-list-page>
                        </search-result-pages>
                    </subscreen>
                    <subscreen>
                        <enable>true</enable>
                        <root-object>Person</root-object>
                        <tab-name>Merged Transaction Report</tab-name>
                        <report-name>Merged</report-name>
                        <tab-entrance>/EnterReportSearchAction.do</tab-entrance>
                        <screen-id>2</screen-id>
                        <display-order>0</display-order> 
                        <field-per-row>2</field-per-row>
                        <search-pages>
                            <field-per-row>2</field-per-row>
                            <search-result-id>0</search-result-id>
                            <simple-search-page/>
                        </search-pages>
                        <search-result-pages>
                            <search-result-list-page>
                                <item-per-page>10</item-per-page>
                                <max-result-size>2000</max-result-size>
                                <search-result-id>0</search-result-id>
                                <field-group>
                                    <description/>
                                    <field-ref>Person.FirstName</field-ref>
                                    <field-ref>Person.LastName</field-ref>
                                    <field-ref>Person.SSN</field-ref>
                                    <field-ref>Person.DOB</field-ref>
                                    <field-ref>Address.AddressLine1</field-ref>
                                    <field-ref>Address.AddressLine2</field-ref>
                                    <field-ref>Phone.Phone</field-ref>
                                </field-group>
                            </search-result-list-page>
                        </search-result-pages>
                    </subscreen>
                    <subscreen>
                        <enable>true</enable>
                        <root-object>Person</root-object>
                        <tab-name>Unmerged Transaction Report</tab-name>
                        <report-name>Unmerged</report-name>
                        <tab-entrance>/EnterReportSearchAction.do</tab-entrance>
                        <screen-id>3</screen-id>
                        <display-order>2</display-order> 
                        <field-per-row>2</field-per-row>
                        <search-pages>
                            <field-per-row>2</field-per-row>
                            <search-result-id>0</search-result-id>
                            <simple-search-page/>
                        </search-pages>
                        <search-result-pages>
                            <search-result-list-page>
                                <item-per-page>10</item-per-page>
                                <max-result-size>2000</max-result-size>
                                <search-result-id>0</search-result-id>
                                <field-group>
                                    <description/>
                                    <field-ref>Person.FirstName</field-ref>
                                    <field-ref>Person.LastName</field-ref>
                                    <field-ref>Person.SSN</field-ref>
                                    <field-ref>Person.DOB</field-ref>
                                    <field-ref>Address.AddressLine1</field-ref>
                                    <field-ref>Address.AddressLine2</field-ref>
                                    <field-ref>Phone.Phone</field-ref>
                                </field-group>
                            </search-result-list-page>
                        </search-result-pages>
                    </subscreen>
                    <subscreen>
                        <enable>true</enable>
                        <root-object>Person</root-object>
                        <tab-name>Updated Record Report</tab-name>
                        <report-name>Update</report-name>
                        <tab-entrance>/EnterReportSearchAction.do</tab-entrance>
                        <screen-id>4</screen-id>
                        <display-order>3</display-order> 
                        <field-per-row>2</field-per-row>
                        <search-pages>
                            <field-per-row>2</field-per-row>
                            <search-result-id>0</search-result-id>
                            <simple-search-page/>
                        </search-pages>
                        <search-result-pages>
                            <search-result-list-page>
                                <item-per-page>10</item-per-page>
                                <max-result-size>2000</max-result-size>
                                <search-result-id>0</search-result-id>
                                <field-group>
                                    <description/>
                                    <field-ref>Person.FirstName</field-ref>
                                    <field-ref>Person.LastName</field-ref>
                                    <field-ref>Person.SSN</field-ref>
                                    <field-ref>Person.DOB</field-ref>
                                    <field-ref>Address.AddressLine1</field-ref>
                                    <field-ref>Address.AddressLine2</field-ref>
                                    <field-ref>Phone.Phone</field-ref>
                                </field-group>
                            </search-result-list-page>
                        </search-result-pages>
                    </subscreen>
                    <subscreen>
                        <enable>true</enable>
                        <root-object>Person</root-object>
                        <tab-name>Activity Report</tab-name>
                        <report-name>Transaction Summary Report</report-name>
                        <tab-entrance>/EnterReportSearchAction.do</tab-entrance>
                        <screen-id>4</screen-id>
                        <display-order>3</display-order> 
                        <field-per-row>2</field-per-row>
                        <search-pages>
                            <field-per-row>2</field-per-row>
                            <search-result-id>0</search-result-id>
                            <simple-search-page>
                                <screen-title>Daily Activity</screen-title>
                                <report-name>Daily Transaction Summary Report</report-name>
                                <search-result-id>0</search-result-id>
                                <search-screen-order>0</search-screen-order>
                                <field-per-row>2</field-per-row>
                                <field-group/>
                            </simple-search-page>
                            <simple-search-page>
                                <screen-title>Weekly Activity</screen-title>
                                <report-name>Weekly Transaction Summary Report</report-name>
                                <search-result-id>0</search-result-id>
                                <search-screen-order>1</search-screen-order>
                                <field-per-row>2</field-per-row>
                                <field-group/>
                            </simple-search-page>
                            <simple-search-page>
                                <screen-title>Monthly Activity</screen-title>
                                <report-name>Monthly Transaction Summary Report</report-name>
                                <search-result-id>0</search-result-id>
                                <search-screen-order>2</search-screen-order>
                                <field-per-row>2</field-per-row>
                                <field-group/>
                            </simple-search-page>
                            <simple-search-page>
                                <screen-title>Yearly Activity</screen-title>
                                <report-name>Yearly Transaction Summary Report</report-name>
                                <search-result-id>0</search-result-id>
                                <search-screen-order>3</search-screen-order>
                                <field-per-row>2</field-per-row>
                                <field-group/>
                            </simple-search-page>
                        </search-pages>
                        <search-result-pages>
                            <search-result-list-page>
                                <item-per-page>10</item-per-page>
                                <max-result-size>2000</max-result-size>
                                <search-result-id>0</search-result-id>
                                <field-group/>
                            </search-result-list-page>
                        </search-result-pages>
                    </subscreen>
                </subscreen-configurations>
            </reports>
            <!-- "Audit Log" -->
            <audit-log>
                <allow-insert>false</allow-insert>
                <root-object>Person</root-object>
                <!--Renamed the tab name to Audit Log from Transactions -->
                <tab-name>Audit Log</tab-name>
                <tab-entrance>/EnterXASearchAction.do</tab-entrance>
                <screen-id>7</screen-id>
                <display-order>7</display-order> 
                <search-pages>
                    <field-per-row>2</field-per-row>
                    <search-result-id>0</search-result-id>
                    <simple-search-page/>
                </search-pages>
                <search-result-pages>
                    <search-result-list-page>
                        <search-result-id>0</search-result-id>
                        <item-per-page>10</item-per-page>
                        <max-result-size>100</max-result-size>
                        <field-group/>
                    </search-result-list-page>
                </search-result-pages>
            </audit-log>
            <!-- "Dashboard" -->
            <dashboard>
                <allow-insert>false</allow-insert>
                <root-object>Person</root-object>
                <tab-name>Dashboard</tab-name>
                <tab-entrance>/EnterXASearchAction.do</tab-entrance>
                <screen-id>8</screen-id>
                <display-order>7</display-order> 
                <search-pages>
                    <field-per-row>2</field-per-row>
                    <search-result-id>0</search-result-id>
                    <simple-search-page/>
                </search-pages>
                <search-result-pages>
                    <search-result-list-page>
                        <search-result-id>0</search-result-id>
                        <item-per-page>10</item-per-page>
                        <max-result-size>100</max-result-size>
                        <field-group/>
                    </search-result-list-page>
                </search-result-pages>
            </dashboard> 
            
        </page-definition>
    </gui-definition>
</edm>