<?xml version="1.0" encoding="UTF-8"?>
<!-- edited with XMLSPY v5 rel. 4 U (http://www.xmlspy.com) by SeeBeyond Technology (SeeBeyond Technology Corp. US) -->
<!-- edited with XML Spy v4.1 U (http://www.xmlspy.com) by seebeyond (SeeBeyond) -->
<!--Sample XML file generated by XML Spy v4.2 U (http://www.xmlspy.com)-->
<eView xmlns:xsi="http://www.w3.org/2001/XMLSchema-instance" xsi:noNamespaceSchemaLocation="sbyn:SeeBeyond/eView/schema/eIndex.xsd">
	<name>Person</name>
	<database>oracle</database>
	<dateformat>MM/dd/yyyy</dateformat>
	<nodes>
		<tag>Person</tag>
		<fields>
			<field-name>PersonCatCode</field-name>
			<field-type>string</field-type>
			<size>8</size>
			<updateable>true</updateable>
			<required>false</required>
			<code-module>PERCAT</code-module>
			<key-type>false</key-type>
		</fields>
		<fields>
			<field-name>LastName</field-name>
			<field-type>string</field-type>
			<size>40</size>
			<updateable>true</updateable>
			<required>true</required>
			<key-type>false</key-type>
		</fields>
		<fields>
			<field-name>FirstName</field-name>
			<field-type>string</field-type>
			<size>40</size>
			<updateable>true</updateable>
			<required>true</required>
			<key-type>false</key-type>
		</fields>
		<fields>
			<field-name>MiddleName</field-name>
			<field-type>string</field-type>
			<size>30</size>
			<updateable>true</updateable>
			<required>false</required>
			<key-type>false</key-type>
		</fields>
		<fields>
			<field-name>Suffix</field-name>
			<field-type>string</field-type>
			<size>10</size>
			<updateable>true</updateable>
			<required>false</required>
			<code-module>SUFFIX</code-module>
			<key-type>false</key-type>
		</fields>
		<fields>
			<field-name>Title</field-name>
			<field-type>string</field-type>
			<size>8</size>
			<updateable>true</updateable>
			<required>false</required>
			<code-module>TITLE</code-module>
			<key-type>false</key-type>
		</fields>
		<fields>
			<field-name>DOB</field-name>
			<field-type>date</field-type>
			<updateable>true</updateable>
			<required>true</required>
			<minimum-value>1900-01-01</minimum-value>
			<key-type>false</key-type>
		</fields>
		<fields>
			<field-name>Death</field-name>
			<field-type>string</field-type>
			<size>1</size>
			<updateable>true</updateable>
			<required>false</required>
			<key-type>false</key-type>
		</fields>
		<fields>
			<field-name>Gender</field-name>
			<field-type>string</field-type>
			<size>8</size>
			<updateable>true</updateable>
			<required>true</required>
			<code-module>GENDER</code-module>
			<key-type>false</key-type>
		</fields>
		<fields>
			<field-name>MStatus</field-name>
			<field-type>string</field-type>
			<size>8</size>
			<updateable>true</updateable>
			<required>false</required>
			<code-module>MSTATUS</code-module>
			<key-type>false</key-type>
		</fields>
		<fields>
			<field-name>SSN</field-name>
			<field-type>string</field-type>
			<size>16</size>
			<updateable>true</updateable>
			<required>false</required>
			<pattern>[0-9]{9}</pattern>
			<key-type>false</key-type>
		</fields>
		<fields>
			<field-name>Race</field-name>
			<field-type>string</field-type>
			<size>8</size>
			<updateable>true</updateable>
			<required>false</required>
			<code-module>RACE</code-module>
			<key-type>false</key-type>
		</fields>
		<fields>
			<field-name>Ethnic</field-name>
			<field-type>string</field-type>
			<size>8</size>
			<updateable>true</updateable>
			<required>false</required>
			<code-module>ETHNIC</code-module>
			<key-type>false</key-type>
		</fields>
		<fields>
			<field-name>Religion</field-name>
			<field-type>string</field-type>
			<size>8</size>
			<updateable>true</updateable>
			<required>false</required>
			<code-module>RELIGION</code-module>
			<key-type>false</key-type>
		</fields>
		<fields>
			<field-name>Language</field-name>
			<field-type>string</field-type>
			<size>8</size>
			<updateable>true</updateable>
			<required>false</required>
			<code-module>LANGUAGE</code-module>
			<key-type>false</key-type>
		</fields>
		<fields>
			<field-name>SpouseName</field-name>
			<field-type>string</field-type>
			<size>100</size>
			<updateable>true</updateable>
			<required>false</required>
			<key-type>false</key-type>
		</fields>
		<fields>
			<field-name>MotherName</field-name>
			<field-type>string</field-type>
			<size>100</size>
			<updateable>true</updateable>
			<required>false</required>
			<key-type>false</key-type>
		</fields>
		<fields>
			<field-name>MotherMN</field-name>
			<field-type>string</field-type>
			<size>40</size>
			<updateable>true</updateable>
			<required>false</required>
			<key-type>false</key-type>
		</fields>
		<fields>
			<field-name>FatherName</field-name>
			<field-type>string</field-type>
			<size>100</size>
			<updateable>true</updateable>
			<required>false</required>
			<key-type>false</key-type>
		</fields>
		<fields>
			<field-name>Maiden</field-name>
			<field-type>string</field-type>
			<size>40</size>
			<updateable>true</updateable>
			<required>false</required>
			<key-type>false</key-type>
		</fields>
		<fields>
			<field-name>PobCity</field-name>
			<field-type>string</field-type>
			<size>30</size>
			<updateable>true</updateable>
			<required>false</required>
			<key-type>false</key-type>
		</fields>
		<fields>
			<field-name>PobState</field-name>
			<field-type>string</field-type>
			<size>10</size>
			<updateable>true</updateable>
			<required>false</required>
			<key-type>false</key-type>
		</fields>
		<fields>
			<field-name>PobCountry</field-name>
			<field-type>string</field-type>
			<size>20</size>
			<updateable>true</updateable>
			<required>false</required>
			<key-type>false</key-type>
		</fields>
		<fields>
			<field-name>VIPFlag</field-name>
			<field-type>string</field-type>
			<size>8</size>
			<updateable>true</updateable>
			<required>false</required>
			<key-type>false</key-type>
		</fields>
		<fields>
			<field-name>VetStatus</field-name>
			<field-type>string</field-type>
			<size>8</size>
			<updateable>true</updateable>
			<required>false</required>
			<code-module>VETSTS</code-module>
			<key-type>false</key-type>
		</fields>
		<fields>
			<field-name>FnamePhoneticCode</field-name>
			<field-type>string</field-type>
			<size>8</size>
			<updateable>true</updateable>
			<required>true</required>
			<key-type>false</key-type>
		</fields>
		<fields>
			<field-name>LnamePhoneticCode</field-name>
			<field-type>string</field-type>
			<size>8</size>
			<updateable>true</updateable>
			<required>true</required>
			<key-type>false</key-type>
		</fields>
		<fields>
			<field-name>MnamePhoneticCode</field-name>
			<field-type>string</field-type>
			<size>8</size>
			<updateable>true</updateable>
			<required>false</required>
			<key-type>false</key-type>
		</fields>
		<fields>
			<field-name>MotherMNPhoneticCode</field-name>
			<field-type>string</field-type>
			<size>8</size>
			<updateable>true</updateable>
			<required>false</required>
			<key-type>false</key-type>
		</fields>
		<fields>
			<field-name>MaidenPhoneticCode</field-name>
			<field-type>string</field-type>
			<size>8</size>
			<updateable>true</updateable>
			<required>false</required>
			<key-type>false</key-type>
		</fields>
		<fields>
			<field-name>SpousePhoneticCode</field-name>
			<field-type>string</field-type>
			<size>8</size>
			<updateable>true</updateable>
			<required>false</required>
			<key-type>false</key-type>
		</fields>
		<fields>
			<field-name>MotherPhoneticCode</field-name>
			<field-type>string</field-type>
			<size>8</size>
			<updateable>true</updateable>
			<required>false</required>
			<key-type>false</key-type>
		</fields>
		<fields>
			<field-name>FatherPhoneticCode</field-name>
			<field-type>string</field-type>
			<size>8</size>
			<updateable>true</updateable>
			<required>false</required>
			<key-type>false</key-type>
		</fields>
		<fields>
			<field-name>DriversLicense</field-name>
			<field-type>string</field-type>
			<size>20</size>
			<updateable>true</updateable>
			<required>false</required>
			<key-type>false</key-type>
		</fields>
		<fields>
			<field-name>DriversLicenseSt</field-name>
			<field-type>string</field-type>
			<size>10</size>
			<updateable>true</updateable>
			<required>false</required>
			<key-type>false</key-type>
		</fields>
		<fields>
			<field-name>Dod</field-name>
			<field-type>date</field-type>
			<size>8</size>
			<updateable>true</updateable>
			<required>false</required>
			<key-type>false</key-type>
		</fields>
		<fields>
			<field-name>DeathCertificate</field-name>
			<field-type>string</field-type>
			<size>10</size>
			<updateable>true</updateable>
			<required>false</required>
			<key-type>false</key-type>
		</fields>
		<fields>
			<field-name>Nationality</field-name>
			<field-type>string</field-type>
			<size>8</size>
			<updateable>true</updateable>
			<required>false</required>
			<code-module>NATIONAL</code-module>
			<key-type>false</key-type>
		</fields>
		<fields>
			<field-name>Citizenship</field-name>
			<field-type>string</field-type>
			<size>8</size>
			<updateable>true</updateable>
			<required>false</required>
			<code-module>CITIZEN</code-module>
			<key-type>false</key-type>
		</fields>
		<fields>
			<field-name>PensionNo</field-name>
			<field-type>string</field-type>
			<size>15</size>
			<updateable>true</updateable>
			<required>false</required>
			<key-type>false</key-type>
		</fields>
		<fields>
			<field-name>PensionExpDate</field-name>
			<field-type>date</field-type>
			<size>8</size>
			<updateable>true</updateable>
			<required>false</required>
			<key-type>false</key-type>
		</fields>
		<fields>
			<field-name>RepatriationNo</field-name>
			<field-type>string</field-type>
			<size>16</size>
			<updateable>true</updateable>
			<required>false</required>
			<key-type>false</key-type>
		</fields>
		<fields>
			<field-name>DistrictOfResidence</field-name>
			<field-type>string</field-type>
			<size>8</size>
			<updateable>true</updateable>
			<required>false</required>
			<key-type>false</key-type>
		</fields>
		<fields>
			<field-name>LgaCode</field-name>
			<field-type>string</field-type>
			<size>4</size>
			<updateable>true</updateable>
			<required>false</required>
			<key-type>false</key-type>
		</fields>
		<fields>
			<field-name>MilitaryBranch</field-name>
			<field-type>string</field-type>
			<size>4</size>
			<updateable>true</updateable>
			<required>false</required>
			<key-type>false</key-type>
		</fields>
		<fields>
			<field-name>MilitaryRank</field-name>
			<field-type>string</field-type>
			<size>4</size>
			<updateable>true</updateable>
			<required>false</required>
			<key-type>false</key-type>
		</fields>
		<fields>
			<field-name>MilitaryStatus</field-name>
			<field-type>string</field-type>
			<size>4</size>
			<updateable>true</updateable>
			<required>false</required>
			<key-type>false</key-type>
		</fields>
		<fields>
			<field-name>DummyDate</field-name>
			<field-type>date</field-type>
			<size>8</size>
			<updateable>true</updateable>
			<required>false</required>
			<key-type>false</key-type>
		</fields>
		<fields>
			<field-name>Class1</field-name>
			<field-type>string</field-type>
			<size>20</size>
			<updateable>true</updateable>
			<required>false</required>
			<key-type>false</key-type>
		</fields>
		<fields>
			<field-name>Class2</field-name>
			<field-type>string</field-type>
			<size>20</size>
			<updateable>true</updateable>
			<required>false</required>
			<key-type>false</key-type>
		</fields>
		<fields>
			<field-name>Class3</field-name>
			<field-type>string</field-type>
			<size>20</size>
			<updateable>true</updateable>
			<required>false</required>
			<key-type>false</key-type>
		</fields>
		<fields>
			<field-name>Class4</field-name>
			<field-type>string</field-type>
			<size>20</size>
			<updateable>true</updateable>
			<required>false</required>
			<key-type>false</key-type>
		</fields>
		<fields>
			<field-name>Class5</field-name>
			<field-type>string</field-type>
			<size>20</size>
			<updateable>true</updateable>
			<required>false</required>
			<key-type>false</key-type>
		</fields>
		<fields>
			<field-name>String1</field-name>
			<field-type>string</field-type>
			<size>40</size>
			<updateable>true</updateable>
			<required>false</required>
			<key-type>false</key-type>
		</fields>
		<fields>
			<field-name>String2</field-name>
			<field-type>string</field-type>
			<size>40</size>
			<updateable>true</updateable>
			<required>false</required>
			<key-type>false</key-type>
		</fields>
		<fields>
			<field-name>String3</field-name>
			<field-type>string</field-type>
			<size>40</size>
			<updateable>true</updateable>
			<required>false</required>
			<key-type>false</key-type>
		</fields>
		<fields>
			<field-name>String4</field-name>
			<field-type>string</field-type>
			<size>40</size>
			<updateable>true</updateable>
			<required>false</required>
			<key-type>false</key-type>
		</fields>
		<fields>
			<field-name>String5</field-name>
			<field-type>string</field-type>
			<size>40</size>
			<updateable>true</updateable>
			<required>false</required>
			<key-type>false</key-type>
		</fields>
		<fields>
			<field-name>String6</field-name>
			<field-type>string</field-type>
			<size>40</size>
			<updateable>true</updateable>
			<required>false</required>
			<key-type>false</key-type>
		</fields>
		<fields>
			<field-name>String7</field-name>
			<field-type>string</field-type>
			<size>100</size>
			<updateable>true</updateable>
			<required>false</required>
			<key-type>false</key-type>
		</fields>
		<fields>
			<field-name>String8</field-name>
			<field-type>string</field-type>
			<size>100</size>
			<updateable>true</updateable>
			<required>false</required>
			<key-type>false</key-type>
		</fields>
		<fields>
			<field-name>String9</field-name>
			<field-type>string</field-type>
			<size>100</size>
			<updateable>true</updateable>
			<required>false</required>
			<key-type>false</key-type>
		</fields>
		<fields>
			<field-name>String10</field-name>
			<field-type>string</field-type>
			<size>255</size>
			<updateable>true</updateable>
			<required>false</required>
			<key-type>false</key-type>
		</fields>
		<fields>
			<field-name>Date1</field-name>
			<field-type>date</field-type>
			<size>10</size>
			<updateable>true</updateable>
			<required>false</required>
			<key-type>false</key-type>
		</fields>
		<fields>
			<field-name>Date2</field-name>
			<field-type>date</field-type>
			<size>10</size>
			<updateable>true</updateable>
			<required>false</required>
			<key-type>false</key-type>
		</fields>
		<fields>
			<field-name>Date3</field-name>
			<field-type>date</field-type>
			<size>10</size>
			<updateable>true</updateable>
			<required>false</required>
			<key-type>false</key-type>
		</fields>
		<fields>
			<field-name>Date4</field-name>
			<field-type>date</field-type>
			<size>10</size>
			<updateable>true</updateable>
			<required>false</required>
			<key-type>false</key-type>
		</fields>
		<fields>
			<field-name>Date5</field-name>
			<field-type>date</field-type>
			<size>10</size>
			<updateable>true</updateable>
			<required>false</required>
			<key-type>false</key-type>
		</fields>
		<fields>
			<field-name>StdFirstName</field-name>
			<field-type>string</field-type>
			<size>40</size>
			<updateable>true</updateable>
			<required>true</required>
			<key-type>false</key-type>
		</fields>
		<fields>
			<field-name>StdLastName</field-name>
			<field-type>string</field-type>
			<size>40</size>
			<updateable>true</updateable>
			<required>true</required>
			<key-type>false</key-type>
		</fields>
		<fields>
			<field-name>StdMiddleName</field-name>
			<field-type>string</field-type>
			<size>30</size>
			<updateable>true</updateable>
			<required>false</required>
			<key-type>false</key-type>
		</fields>
	</nodes>
	<nodes>
		<tag>Alias</tag>
		<fields>
			<field-name>LastName</field-name>
			<field-type>string</field-type>
			<size>40</size>
			<updateable>true</updateable>
			<required>true</required>
			<key-type>true</key-type>
		</fields>
		<fields>
			<field-name>FirstName</field-name>
			<field-type>string</field-type>
			<size>40</size>
			<updateable>true</updateable>
			<required>true</required>
			<key-type>true</key-type>
		</fields>
		<fields>
			<field-name>MiddleName</field-name>
			<field-type>string</field-type>
			<size>30</size>
			<updateable>true</updateable>
			<required>false</required>
			<key-type>true</key-type>
		</fields>
		<fields>
			<field-name>LnamePhoneticCode</field-name>
			<field-type>string</field-type>
			<size>8</size>
			<updateable>true</updateable>
			<required>true</required>
			<key-type>false</key-type>
		</fields>
		<fields>
			<field-name>FnamePhoneticCode</field-name>
			<field-type>string</field-type>
			<size>8</size>
			<updateable>true</updateable>
			<required>true</required>
			<key-type>false</key-type>
		</fields>
		<fields>
			<field-name>MnamePhoneticCode</field-name>
			<field-type>string</field-type>
			<size>8</size>
			<updateable>true</updateable>
			<required>false</required>
			<key-type>false</key-type>
		</fields>
		<fields>
			<field-name>StdFirstName</field-name>
			<field-type>string</field-type>
			<size>40</size>
			<updateable>true</updateable>
			<required>true</required>
			<key-type>false</key-type>
		</fields>
		<fields>
			<field-name>StdLastName</field-name>
			<field-type>string</field-type>
			<size>40</size>
			<updateable>true</updateable>
			<required>true</required>
			<key-type>false</key-type>
		</fields>
		<fields>
			<field-name>StdMiddleName</field-name>
			<field-type>string</field-type>
			<size>30</size>
			<updateable>true</updateable>
			<required>false</required>
			<key-type>false</key-type>
		</fields>
	</nodes>
	<nodes>
		<tag>Address</tag>
		<fields>
			<field-name>AddressType</field-name>
			<field-type>string</field-type>
			<size>8</size>
			<updateable>true</updateable>
			<required>true</required>
			<code-module>ADDRTYPE</code-module>
			<key-type>true</key-type>
		</fields>
		<fields>
			<field-name>AddressLine1</field-name>
			<field-type>string</field-type>
			<size>40</size>
			<updateable>true</updateable>
			<required>true</required>
			<key-type>false</key-type>
		</fields>
		<fields>
			<field-name>AddressLine2</field-name>
			<field-type>string</field-type>
			<size>40</size>
			<updateable>true</updateable>
			<required>false</required>
			<key-type>false</key-type>
		</fields>
		<fields>
			<field-name>AddressLine3</field-name>
			<field-type>string</field-type>
			<size>40</size>
			<updateable>true</updateable>
			<required>false</required>
			<key-type>false</key-type>
		</fields>
		<fields>
			<field-name>AddressLine4</field-name>
			<field-type>string</field-type>
			<size>40</size>
			<updateable>true</updateable>
			<required>false</required>
			<key-type>false</key-type>
		</fields>
		<fields>
			<field-name>City</field-name>
			<field-type>string</field-type>
			<size>30</size>
			<updateable>true</updateable>
			<required>true</required>
			<key-type>false</key-type>
		</fields>
		<fields>
			<field-name>StateCode</field-name>
			<field-type>string</field-type>
			<size>10</size>
			<updateable>true</updateable>
			<required>false</required>
			<key-type>false</key-type>
		</fields>
		<fields>
			<field-name>PostalCode</field-name>
			<field-type>string</field-type>
			<size>8</size>
			<updateable>true</updateable>
			<required>true</required>
			<key-type>false</key-type>
		</fields>
		<fields>
			<field-name>PostalCodeExt</field-name>
			<field-type>string</field-type>
			<size>4</size>
			<updateable>true</updateable>
			<required>false</required>
			<key-type>false</key-type>
		</fields>
		<fields>
			<field-name>County</field-name>
			<field-type>string</field-type>
			<size>20</size>
			<updateable>true</updateable>
			<required>false</required>
			<key-type>false</key-type>
		</fields>
		<fields>
			<field-name>CountryCode</field-name>
			<field-type>string</field-type>
			<size>20</size>
			<updateable>true</updateable>
			<required>false</required>
			<key-type>false</key-type>
		</fields>
		<fields>
			<field-name>HouseNumber</field-name>
			<field-type>string</field-type>
			<size>10</size>
			<updateable>true</updateable>
			<required>false</required>
			<key-type>false</key-type>
		</fields>
		<fields>
			<field-name>StreetDir</field-name>
			<field-type>string</field-type>
			<size>5</size>
			<updateable>true</updateable>
			<required>false</required>
			<key-type>false</key-type>
		</fields>
		<fields>
			<field-name>StreetName</field-name>
			<field-type>string</field-type>
			<size>40</size>
			<updateable>true</updateable>
			<required>false</required>
			<key-type>false</key-type>
		</fields>
		<fields>
			<field-name>StreetNamePhoneticCode</field-name>
			<field-type>string</field-type>
			<size>8</size>
			<updateable>true</updateable>
			<required>false</required>
			<key-type>false</key-type>
		</fields>
		<fields>
			<field-name>StreetType</field-name>
			<field-type>string</field-type>
			<size>5</size>
			<updateable>true</updateable>
			<required>false</required>
			<key-type>false</key-type>
		</fields>
	</nodes>
	<nodes>
		<tag>Phone</tag>
		<fields>
			<field-name>PhoneType</field-name>
			<field-type>string</field-type>
			<size>8</size>
			<updateable>true</updateable>
			<required>true</required>
			<code-module>PHONTYPE</code-module>
			<key-type>true</key-type>
		</fields>
		<fields>
			<field-name>Phone</field-name>
			<field-type>string</field-type>
			<size>20</size>
			<updateable>true</updateable>
			<required>true</required>
			<pattern>[0-9]{10}</pattern>
			<key-type>false</key-type>
		</fields>
		<fields>
			<field-name>PhoneExt</field-name>
			<field-type>string</field-type>
			<size>6</size>
			<updateable>true</updateable>
			<required>false</required>
			<key-type>false</key-type>
		</fields>
	</nodes>
	<nodes>
		<tag>AuxId</tag>
		<fields>
			<field-name>AuxIdDef</field-name>
			<field-type>string</field-type>
			<size>10</size>
			<updateable>true</updateable>
			<required>true</required>
			<user-code>AUXIDDEF</user-code>
			<key-type>true</key-type>
		</fields>
		<fields>
			<field-name>Id</field-name>
			<field-type>string</field-type>
			<size>40</size>
			<updateable>true</updateable>
			<required>true</required>
			<constraint-by>AuxIdDef</constraint-by>
			<key-type>true</key-type>
		</fields>
	</nodes>
	<nodes>
		<tag>Comment</tag>
		<fields>
			<field-name>CommentCode</field-name>
			<field-type>string</field-type>
			<size>8</size>
			<updateable>true</updateable>
			<required>true</required>
			<key-type>true</key-type>
		</fields>
		<fields>
			<field-name>EnterDate</field-name>
			<field-type>date</field-type>
			<updateable>true</updateable>
			<required>true</required>
			<key-type>false</key-type>
		</fields>
		<fields>
			<field-name>CommentText</field-name>
			<field-type>string</field-type>
			<size>1000</size>
			<updateable>true</updateable>
			<required>true</required>
			<key-type>false</key-type>
		</fields>
	</nodes>
	<relationships>
		<name>Person</name>
		<children>Phone</children>
		<children>Alias</children>
		<children>Address</children>
		<children>AuxId</children>
		<children>Comment</children>
	</relationships>
</eView>
