<serviceInstance type="PersonName">
	<description>Person Name Standardization: United Kingdom</description>
	<parameter name="dataType" value="PersonName"/>
	<parameter name="variantType" value="UK"/>
	<componentManagerFactory class="com.sun.inti.components.component.BeanComponentManagerFactory">
		<property name="stylesheetURL" value="classpath:/com/sun/mdm/standardizer/impl/standardizer.xsl"/>
		<property name="urlSource">
			<bean class="com.sun.inti.components.url.ResourceURLSource">
				<property name="resourceName" value="standardizer.xml"/>
			</bean>
		</property>
	</componentManagerFactory>
</serviceInstance>
