<?xml version="1.0" encoding="ISO-8859-1"?>
<!-- TODO: in absence of probability, default to 1 -->
<standardizer conjunction="conjunction"  extraInformation="extraInformation">
	<stateModel>
		<observation inputField="areaCode" nextState="areaCode" outputField="areaCode" probability=".8"/>
		<observation inputField="internationalPrefix" nextState="internationalNumber" outputField="countryCode" probability=".2"/>

		<state name="internationalNumber">
			<observation inputField="areaCode" nextState="areaCode" outputField="areaCode" probability="0.5"/>
			<observation inputField="digitGroup" nextState="initialDigitGroup" outputField="phoneNumber" probability="0.5"/>
		</state>
		
		<state name="areaCode">
			<observation inputField="digitGroup" probability="1">
				<nextState name="initialDigitGroup" outputField="phoneNumber" probability=".8"/>
				<nextState name="finalDigitGroup" outputField="phoneNumber" probability=".2"/>
			</observation>
		</state>
		
		<state name="initialDigitGroup">
			<observation inputField="dash" nextState="dash" probability=".8"/>
			<observation inputField="digitGroup" nextState="finalDigitGroup" outputField="phoneNumber" probability=".2"/>
		</state>
		
		<state name="dash">
			<observation inputField="digitGroup" nextState="finalDigitGroup" outputField="phoneNumber" probability="1"/>
		</state>
		
		<state name="finalDigitGroup">
			<eof probability=".5"/>
			<conjunction probability=".1"/>
			<observation inputField="extension" nextState="extension" probability=".2"/>
			<observation inputField="digitGroup" nextState="afterExtension" outputField="extension" probability=".2"/>
		</state>
		
		<!-- TODO: support missing nextState, infer eof -->
		<!-- TODO: in absence of an outputField or of an observation, advice user -->
		<state name="extension">
			<observation inputField="digitGroup" nextState="afterExtension" outputField="extension" probability="1"/>
		</state>
		<state name="afterExtension">
			<eof probability=".9"/>
			<conjunction probability=".1"/>
		</state>
	</stateModel>

	<inputFields>
		<inputField name="areaCode">
			<matchers>
				<matcher>
					<matchAllPatterns>
						<pattern regex="\("/>
						<pattern regex="[0-9]{3}"/>
						<pattern regex="\)"/>
					</matchAllPatterns>
					<postProcessing>
						<replaceAll regex="[()]" replacement=""/>
					</postProcessing>
				</matcher>
			</matchers>
		</inputField>		
		<inputField name="dash">
			<matchers>
				<matcher>
					<fixedString>-</fixedString>
				</matcher>
			</matchers>
		</inputField>
		<inputField name="digitGroup">
			<matchers>
				<matcher>
					<pattern regex="[0-9]{2,}"/>
				</matcher>
			</matchers>
		</inputField>
		<inputField name="extension">
			<matchers>
				<matcher>
					<matchAnyPattern>
						<pattern regex="X[.#]?"/>
						<pattern regex="EXT[.#]?"/>
						<pattern regex="^"/>
					</matchAnyPattern>
				</matcher>
			</matchers>
		</inputField>
		<inputField name="internationalPrefix">
			<matchers>
				<matcher>
					<matchAnyPattern>
						<pattern regex="\+\d+[-]?\d+"/>
						<pattern regex="\+\d+"/>
					</matchAnyPattern>
					<postProcessing>
						<replace regex="\+" replacement=""/>
					</postProcessing>
				</matcher>
			</matchers>
		</inputField>
		<inputField name="conjunction">
			<matchers>
				<matcher>
					<fixedStrings>
						<fixedString>/</fixedString>
						<fixedString>&amp;</fixedString>
						<fixedString>AND</fixedString>
						<fixedString>OR</fixedString>
						<fixedString>AND/OR</fixedString>
					</fixedStrings>
					<postProcessing>
						<replace regex="\&amp;" replacement="AND"/>
						<replace regex="\/" replacement="AND"/>
					</postProcessing>
				</matcher>
			</matchers>
		</inputField>
	</inputFields>

	<outputFields>
		<outputField name="areaCode"/>
		<outputField name="phoneNumber"/>
		<outputField name="extension"/>
		<outputField name="countryCode"/>
	</outputFields>

	<cleanser>
	    <uppercase/>

	    <replaceAll regex="([-(),])" replacement=" $1 "/>
	    <replaceAll regex=" ([.#])" replacement="$1"/>
	    <replaceAll regex="\+(\d+) -" replacement="+$1-"/>

	    <normalizeSpace/>
	</cleanser>
</standardizer>
